term	beta	SE	p	model_R2
Relative_brain_size	0.170655683829869	0.0955664464425289	0.0786686816962556	0.171676898377034
Mass	-0.0620943904281354	0.0794247460295065	0.437085323159589	0.171676898377034
DietBreadth	-0.0482992185602228	0.0890927971872349	0.58953262289725	0.171676898377034
HabitatBreadth	0.324138256137347	0.0887091938980106	0.000508072566570848	0.171676898377034
GenerationLength	-0.0709209217375233	0.0940131765287345	0.453269113804306	0.171676898377034
