term	beta	SE	p	model_R2
Relative_brain_size	0.264109817149081	0.0979109375394214	0.0088310414705014	0.102599380676976
Mass	0.000264401424378635	0.081373239636529	0.997417139038606	0.102599380676976
DietBreadth	0.079489122179122	0.0912784729926895	0.386950084146366	0.102599380676976
HabitatBreadth	0.189883328319032	0.0908854589266728	0.0404852099228024	0.102599380676976
GenerationLength	-0.046473309305285	0.0963195619136378	0.631029939580421	0.102599380676976
