term	beta	SE	p	model_R2
Relative_brain_size	-0.194656069407353	0.414630975279921	0.640259270030389	0.238312896797026
Mass	0.149717614777834	0.392605864952034	0.704155185456195	0.238312896797026
DietBreadth	-0.775054357145461	0.180734962234215	5.90924450701977e-05	0.238312896797026
HabitatBreadth	0.416580691173829	0.161267502626865	0.0119782593056859	0.238312896797026
GenerationLength	-0.622047197281188	0.430212820541611	0.152865380498329	0.238312896797026
